Ace|Aqua,Green|Active,Cute
Admiral|Black,Blue|Cool
Agent S|Blue,Black|Active,Simple
Agnes|Pink,White|Elegant,Simple
Al|Red,White|Active
Alfonso|Blue,Red|Simple
Alice|Pink,Red|Cute
Alli|Brown,Yellow|Elegant,Gorgeous
Amelia|Black,White|Cool,Elegant
Anabelle|Blue,Green|Cute,Simple
Anchovy|Colorful,Orange|Simple
Angus|Black,Red|Cool
Anicotti|Pink,Red|Elegant,Simple
Ankha|Brown,Colorful|Gorgeous,Simple
Annalisa|Pink,Red|Elegant,Gorgeous
Annalise|Blue,Purple|Active,Elegant
Antonio|Blue,Aqua|Simple
Apollo|Black|Cool,Simple
Apple|Colorful,Red|Cute,Simple
Astrid|Black,Colorful|Active,Cool
Audie|Green,White|Active,Cute
Aurora|Pink,Red|Cute,Elegant
Ava|Gray,Red|Cute,Elegant
Avery|Brown,Orange|Gorgeous,Simple
Axel|Green,White|Active,Simple
Azalea|Purple,Pink|Elegant,Gorgeous
Baabara|Blue,Purple|Elegant,Gorgeous
Bam|Brown,Green|Active,Simple
Bangle|Green,Yellow|Cute,Gorgeous
Barold|Black,Yellow|Cool,Simple
Bea|Aqua,Green|Cool,Simple
Beardo|Blue,Brown|Elegant
Beau|Beige,Orange|Cute,SImple
Becky|Pink,Purple|Elegant,Gorgeous
Bella|Black,Purple|Active,Cool
Benedict|Blue,Purple|Simple
Benjamin|Red,White|Simple
Bertha|Pink,White|Cute,Elegant
Bettina|Red,White|Elegant,Simple
Bianca|Orange,Pink|Cute
Biff|Black,Blue|Active,Gorgeous
BigTop|Green|Active,Simple
Bill|Blue,Purple|Active
Billy|Blue,Purple|Active,Simple
Biskit|Colorful,Purple|Gorgeous,Simple
Bitty|Orange,Pink|Cute,Elegant
Blaire|Brown,Orange|Elegant,Gorgeous
Blanche|Black,Brown|Elegant,Gorgeous
Bluebear|Blue,White|Cute,Simple
Bob|Colorful,Red|Cute,Simple
Bonbon|Aqua,Yellow|Cute,Elegant
Bones|Beige,Brown|Cute,Simple
Boomer|Beige,Brown|Cool,Simple
Boone|Colorful,Red|Cool,Elegant
Boots|Colorful,Purple|Active,Gorgeous
Boris|Black,Purple|Cool,Gorgeous
Boyd|Black,Red|Cool,Simple
Bree|Black,Blue|Elegant,Gorgeous
Broccolo|Colorful,Yellow|Cute,Simple
Broffina|Black,Red|Elegant,Gorgeous
Bruce|Black,Red|Cool,Simple
Bubbles|Pink,Purple|Active,Cute
Buck|Brown,Gray|Active,Simple
Bud|Green,Yellow|Active,Simple
Bunnie|Green,Pink|Cute
Butch|Blue,Gray|Cool,Simple
Buzz|Red,Yellow|Active,Simple
Cally|Green,Red|Cute,Elegant
Camofrog|Blue,White|Active,Cool
Canberra|Green,Aqua|Active,Cool
Candi|Aqua,Yellow|Cute,Simple
Carmen|Beige,Green|Cute,Elegant
Caroline|Colorful,White|Cute,Gorgeous
Carrie|Colorful,Red|Cute
Cashmere|Beige,Purple|Elegant,Gorgeous
Cephalobot|Black,White|Simple,Active
Celia|Green,Pink|Cute,Elegant
Cesar|Blue,Aqua|Cool,Elegant
Chabwick|Yellow,Gray|Cute,Active
Chadder|Black,Gray|Elegant,Gorgeous
Chai|Blue,Aqua|Cute,Elegant
Charlise|Orange,Red|Active,Cute
Chelsea|Pink,White|Cute,Gorgeous
Cheri|Aqua,Yellow|Cute,Simple
Cherry|Black,Purple|Cool,Elegant
Chester|Green,Yellow|Simple
Chevre|Pink,Red|Cute,Elegant
Chief|Gray,White|Cool,Simple
Chops|Green,Red|Elegant,Gorgeous
Chow|Black,White|Cool,Gorgeous
Chrissy|Pink,White|Cute
Claude|Black,Colorful|Simple
Claudia|Purple,White|Elegant,Gorgeous
Clay|Beige,Brown|Elegant,Simple
Cleo|Aqua,White|Cute,Elegant
Clyde|Green,White|Cute,Simple
Coach|Blue,Red|Active
Cobb|Blue,White|Active,Simple
Coco|Beige,Green|Cute,Simple
Cole|Colorful,Simple|Cute,Simple
Colton|Blue,Red|Elegant,Gorgeous
Cookie|Green,Aqua|Cute
Cousteau|Green,Red|Elegant,Gorgeous
Cranston|Beige,Brown|Cool,Simple
Croque|Orange,Red|Cool,Elegant
Cube|Colorful,Yellow|Cute,Simple
Curlos|Green,Red|Active,Gorgeous
Curly|Colorful,Yellow|Active,Simple
Curt|Blue,White|Cool
Cyd|Black,Yellow|Active,Cool
Cyrano|Beige,Yellow|Active,Cool
Daisy|Blue,Colorful|Cute,Simple
Deena|Blue,Colorful|Cute,Simple
Deirdre|Orange|Simple
Del|Blue,White|Cool,Simple
Deli|Brown,Purple|Elegant,Gorgeous
Derwin|Beige,Yellow|Elegant,Simple
Diana|Pink,Purple|Elegant,Gorgeous
Diva|Aqua,Purple|Elegant,Gorgeous
Dizzy|Blue,Yellow|Simple
Dobie|Beige,Brown|Cool,Simple
Doc|Beige,Gray|Elegant,Simple
Dom|Colorful,Red|Active,Cute
Dora|Blue,Aqua|Elegant,Simple
Dotty|Black,Blue|Cute,Simple
Drago|Orange,Red|Elegant,Gorgeous
Drake|Brown,Red|Cool,Simple
Drift|Orange,Red|Active,Simple
Ed|Black,Gray|Elegant,Gorgeous
Egbert|Beige,Brown|Simple
Elise|Purple,Red|Elegant,Gorgeous
Ellie|Gray,Pink|Cute,Simple
Elmer|Blue,White|Cool,Simple
Eloise|Green,Orange|Elegant,Simple
Elvis|Black,Red|Elegant,Gorgeous
Erik|Beige,Red|Simple
Etoile|Aqua,Pink|Cute,Gorgeous
Eugene|Black,Gray|Cool,Gorgeous
Eunice|Beige,Orange|Elegant,Simple
Faith|Red,White|Elegant,Gorgeous
Fang|Aqua,White|Cool,Simple
Fauna|Beige,White|Cute,Simple
Felicity|Orange,Yellow|Cute
Filbert|Blue,White|Simple,Cute
Flip|Blue,Yellow|Active,Simple
Flo|Purple,Red|Cool,Gorgeous
Flora|Colorful,Pink|Active,Cute
Flurry|Pink,Red|Cute,Elegant
Francine|Black,Blue|Elegant,Gorgeous
Frank|Brown,Yellow|Cool,Gorgeous
Freckles|Colorful,Green|Cute,Simple
Frett|Gray,Brown|Cool,Active
Freya|Blue,Green|Cool,Elegant
Friga|Black,Pink|Elegant,Gorgeous
Frita|Red,Yellow|Active,Cute
Frobert|Blue,Colorful|Active,Simple
Fuchsia|Pink|Cool
Gabi|Brown,Red|Cute,Gorgeous
Gala|Pink,White|Cute,Elegant
Gaston|Brown,Orange|Gorgeous,Simple
Gayle|Pink,White|Cute
Genji|Green,Purple|Elegant,Simple
Gigi|Black,White|Elegant,Gorgeous
Gladys|Green,Pink|Cute,Elegant
Gloria|Black,Gray|Elegant,Gorgeous
Goldie|Orange,Yellow|Cute,Simple
Gonzo|Black,Green|Cool,Simple
Goose|Blue,White|Active,Simple
Graham|Green,Orange|Cool,Simple
Greta|Pink,Purple|Elegant,Simple
Grizzly|Black,Red|Cool,Simple
Groucho|Black,Gray|Cool,Simple
Gruff|Black,Purple|Cool,Gorgeous
Gwen|Green,White|Elegant,Gorgeous
Hamlet|Blue,Purple|Active,Simple
Hamphrey|Beige,Gray|Cool,Simple
Hans|Blue,Gray|Elegant,Gorgeous
Harry|Green,Orange|Cool,Simple
Hazel|Red,Yellow|Active,Cute
Henry|Blue,Aqua|Cool,Simple
Hippeux|Brown,Green|Elegant,Gorgeous
Hopkins|Blue,Yellow|Active,Simple
Hopper|Red,Yellow|Cool,Simple
Hornsby|Brown,Green|Simple
Huck|Green,Yellow|Cool,Simple
Hugh|Beige,Yellow|Active,Simple
Iggly|Blue,Red|Active,Simple
Ike|Blue,Green|Cool
Ione|White,Black|Cool,Cute
Jacob|Green,Red|Simple
Jacques|Green,Black|Cool,Simple
Jambette|Brown|Cool
Jay|Blue,Aqua|Active
Jeremiah|Orange,Yellow|Simple
Jitters|Orange,Yellow|Active
Joey|Blue,Green|Simple
Judy|Pink,White|Cute,Elegant
Julia|Purple,Red|Elegant,Gorgeous
Julian|Blue,Purple|Cool,Gorgeous
June|Red,White|Cute,Simple
Kabuki|Purple,Red|Simple
Katt|Black,Purple|Cool
Keaton|Blue,White|Cool,Gorgeous
Ken|Blue,Purple|Cool,Simple
Ketchup|Aqua,White|Cute
Kevin|Black,Red|Active,Simple
KidCat|Red|Active,Simple
Kidd|Gray,White|Cool,Elegant
Kiki|Beige,Brown|Simple
Kitt|Purple,Red|Elegant,Simple
Kitty|Gray,Green|Elegant,Gorgeous
Klaus|Gray,White|Simple
Knox|Brown,Red|Elegant,Gorgeous
Kody|Colorful,White|Active,Simple
Kyle|Black,White|Cool,Gorgeous
Leonardo|Blue,Red|Active,Gorgeous
Leopold|Green,Purple|Elegant,Gorgeous
Lily|Yellow,White|Cute,Simple
Limberg|Blue,Green|Cool,Simple
Lionel|Gray,Green|Active,Gorgeous
Lobo|Beige,Black|Active,Cool
Lolly|Gray,Pink|Simple
Lopez|Gray|Gorgeous
Louie|Gray,Red|Active,Simple
Lucha|Black,Gray|Active,Cool
Lucky|Beige,White|Simple
Lucy|Pink,Red|Cute,Elegant
Lyman|Aqua,Yellow|Active,Simple
Mac|Black,Red|Active,Cool
Maddie|Pink,Purple|Cute,Simple
Maelle|Pink,White|Cool,Simple
Maggie|Green,Yellow|Cute,Elegant
Mallary|Blue,White|Cool,Gorgeous
Maple|Beige,Green|Cute,Simple
Marcel|Blue,Green|Cool,Simple
Marcie|Beige,Pink|Cute,Elegant
Margie|Pink,Red|Cute,Elegant
Marina|Pink,Red|Cute
Marlo|Black,Brown|Cool,Gorgeous
Marshal|Blue,Aqua|Cool,Elegant
Mathilda|Red,White|Cool,Gorgeous
Marty|Brown,Yellow|Cute,Elegant
Megan|Aqua,Yellow|Cute,Simple
Melba|Green,White|Cute
Merengue|Red,White|Cute,Simple
Merry|Aqua,Pink|Cute
Midge|Pink|Cute,Simple
Mint|Pink,Purple|Cute,Gorgeous
Mira|Red,Yellow|Active,Cool
Miranda|Blue,Purple|Elegant,Gorgeous
Mitzi|Beige,Brown|Simple
Moe|Black,Gray|Active,Simple
Molly|Pink,Yellow|Cute,Simple
Monique|Pink,Purple|Elegant,Gorgeous
Monty|Gray,Yellow|Cool
Moose|Purple,Red|Cool,Gorgeous
Mott|Blue,Green|Active,Elegant
Muffy|Black,Purple|Elegant,Gorgeous
Murphy|Blue,White|Cool,Simple
Nan|Orange,Yellow|Elegant,Simple
Nana|Pink,White|Cute
Naomi|Colorful,Purple|Elegant,Gorgeous
Nate|Green,White|Simple
Nibbles|Red,Yellow|Active,Cute
Norma|Aqua,White|Cute,Simple
O'Hare|Blue,Aqua|Active,Cool
Octavian|Black,White|Cool,Simple
Olaf|Black,Red|Elegant,Gorgeous
Olive|Brown,Yellow|Simple
Olivia|Black,White|Cool,Elegant
Opal|Black,Orange|Cool,Elegant
Ozzie|Orange,Yellow|Cute,Simple
Pancetti|Red,Yellow|Cute,Gorgeous
Pango|Orange,Purple|Cool,Elegant
Paolo|Gray,Aqua|Elegant,Simple
Papi|Aqua,Orange|Simple
Pashmina|Colorful,Red|Cool,Elegant
Pate|Yellow,White|Cute,Simple
Patty|Orange,Red|Cute,Simple
Paula|Green,Orange|Active,Cute
Peaches|Colorful,Aqua|Cute,Simple
Peanut|Colorful,Red|Cute
Pecan|Beige,Purple|Elegant,Gorgeous
Peck|Beige,Red|Active,Simple
Peewee|Blue,Orange|Active,Cool
Peggy|Blue,Red|Active,Cute
Pekoe|Beige,Red|Cute,Elegant
Penelope|Pink,Red|Cute,Gorgeous
Petri|White,Gray|Simple,Cool
Phil|Green,Red|Cool,Elegant
Phoebe|Black,Red|Gorgeous,Cool
Pierce|Orange,Yellow|Active,Elegant
Pietro|Colorful,Red|Gorgeous,Simple
Pinky|Pink,Red|Cute,Simple
Piper|Black,White|Elegant,Gorgeous
Pippy|Brown,Green|Cute,Simple
Plucky|Aqua,Yellow|Cool,Simple
Pompom|Aqua,Pink|Cute,Simple
Poncho|Orange,Yellow|Simple
Poppy|Green,Yellow|Cute,Elegant
Portia|Black,Purple|Elegant,Gorgeous
Prince|Yellow,White|Active,Simple
Puck|Blue,Red|Active,Simple
Puddles|Green,Pink|Cute,Gorgeous
Pudge|Blue,Green|Simple
Punchy|Blue,Aqua|Simple
Purrl|Blue,Gray|Cool,Elegant
Queenie|Black,Gray|Elegant,Gorgeous
Quillson|Beige,Orange|Cool,Elegant
Quinn|Black,White|Cool,Elegant
Raddle|Gray,White|Elegant,Simple
Rasher|Black,Blue|Cool,Simple
Raymond|Black,Gray|Cool,Elegant
Renée|Purple,Yellow|Active,Cool
Reneigh|Black,Purple|Cool,Gorgeous
Rex|Blue,Aqua|Cute,Simple
Rhonda|Black,Purple|Elegant,Gorgeous
Ribbot|Blue,Aqua|Simple,Active
Ricky|Blue,Red|Cool,Simple
Rilla|Red,Blue|Cute,Elegant
Rio|Orange,Green|Cool,Cute
Rizzo|Black,Gray|Cool,Simple
Roald|Red,Yellow|Active,Simple
Robin|Aqua,Purple|Cool,Elegant
Rocco|Black,Yellow|Cool,Simple
Rocket|Pink,Red|Active,Cool
Rod|Blue,Aqua|Active,Cool
Rodeo|Black,Red|Cool,Simple
Rodney|Colorful,Pink|Cool,Gorgeous
Rolf|Blue,Black|Active,Cool
Rooney|Black,Gray|Active
Rory|Blue,Red|Active,Simple
Roscoe|Black,Gray|Cool,Gorgeous
Rosie|Pink,Red|Cute
Roswell|Beige,Brown|Simple,Elegant
Rowan|Gray,Aqua|Active,Simple
Ruby|Aqua,Pink|Active,Cute
Rudy|Beige,Yellow|Active,Simple
Sally|Beige,White|Elegant,Simple
Samson|Red,Yellow|Active,Simple
Sandy|Aqua,White|Cool,Simple
Sasha|Blue,White|Simple,Cute
Savannah|Blue,Aqua|Cool,Simple
Scoot|Beige,Blue|Active,Simple
Shari|Aqua,Yellow|Active,Cute
Sheldon|Green,Yellow|Active,Cool
Shep|Blue,Aqua|Cool,Simple
Sherb|Blue,Gray|Cute,Simple
Shino|Red,Black|Elegant,Gorgeous
Simon|Colorful,Red|Active,Simple
Skye|Blue,White|Cute
Sly|Brown,Green|Cool,Simple
Snake|Black,Blue|Active,Simple
Snooty|Green,Yellow|Simple
Soleil|Red,Yellow|Cool,Gorgeous
Sparro|Gray,Green|Active,Simple
Spike|Black,Gray|Cool,Gorgeous
Spork|Colorful,Green|Active,Simple
Sprinkle|Aqua,White|Cute,Elegant
Sprocket|Green,Orange|Active,Simple
Static|Black,Yellow|Active,Cool
Stella|Beige,Yellow|Simple
Sterling|Blue,Red|Elegant,Simple
Stinky|Blue,Red|Active,Simple
Stitches|Colorful,White|Cute,Simple
Stu|Beige,Brown|Simple
Sydney|Beige,Yellow|Cute,Simple
Sylvana|Green,Purple|Cute,Simple
Sylvia|Green,Yellow|Gorgeous,Simple
T-Bone|Black,Blue|Cool,Simple
Tabby|Black,Gray|Active,Cool
Tad|Colorful,Yellow|Active,Simple
Tammi|Green,Purple|Active,Cute
Tammy|Purple,Red|Active,Cool
Tangy|Green,Yellow|Cute,Simple
Tank|Green,Red|Active,Simple
Tasha|Beige,Gray|Elegant,Gorgeous
Teddy|Orange,Yellow|Simple
Tex|Black,Gray|Cool,Elegant
Tia|Black,White|Cute,Elegant
Tiansheng|Green,Yellow|Cool,Elegant
Tiffany|Black,Red|Cool,Gorgeous
Timbra|Brown,Green|Elegant,Gorgeous
Tipper|Colorful,Pink|Cute,Gorgeous
Toby|Green,Orange|Cute,Elegant
Tom|Black,Gray|Cool,Simple
Truffles|Green,Red|Cute,Gorgeous
Tucker|Orange,Yellow|Active,Simple
Tutu|Pink,Red|Cute,Simple
Twiggy|Blue,Pink|Cute,Simple
Tybalt|Blue,Purple|Active,Simple
Ursala|Orange,Red|Cute,Simple
Velma|Aqua,Purple|Elegant,Gorgeous
Vesta|Orange,Red|Cute,Simple
Vic|Blue,Aqua|Active,Cool
Victoria|Orange,Yellow|Active,Simple
Violet|Pink,Purple|Cool,Gorgeous
Vivian|Gray,Purple|Elegant,Gorgeous
Vladimir|Colorful,Yellow|Cool,Simple
Wade|Blue,Aqua|Gorgeous,Simple
Walker|Orange,Red|Simple
Walt|Black,Gray|Cool
WartJr.|Blue,Purple|Simple
Weber|Black,Blue|Cool,Simple
Wendy|Green,Red|Cool,Gorgeous
Whitney|Blue,Aqua|Cool,Elegant
Willow|Pink,White|Cute,Gorgeous
Winnie|Gray,White|Cool,Simple
Wolfgang|Black,Green|Active,Cool
Yuka|Orange,Yellow|Cool,Elegant
Zell|Gray,Purple|Cool,Gorgeous
Zoe|Pink,White|Cute,Simple
Zucker|Blue,Yellow|Cute,Simple